ISIN,SYMBOL,COMPANY,PRICE,IDX WT %,EXACT SHARES,BASKET SHARES,SHARE VALUE,BASKET WT %,WT DIFF
PK0053401011,FFC,Fauji Fertilizer Company Limited,475.38,8.235453270159665,50.93237539288446,51,24244.38,8.32,-0.08
PK0081901016,UBL,United Bank Limited,382.8,6.807294566024727,52.28172942558176,52,19905.600000000002,6.83,-0.02
PK0017501013,ENGROH,Engro Holdings Limited,244.81,4.7850511004859815,57.465178037779445,57,13954.17,4.79,-0.0
PK0077401013,MEBL,Meezan Bank Limited,442.39,4.027210248753065,26.763711049829364,27,11944.529999999999,4.1,-0.07
PK0071501016,LUCK,Lucky Cement Limited,443.95,3.958678365401121,26.215822489648147,26,11542.699999999999,3.96,-0.0
PK0065001015,HUBC,The Hub Power Company Limited,213.68,3.936505492736102,54.16195314790406,54,11538.720000000001,3.96,-0.02
PK0085101019,HBL,Habib Bank Limited,316.52,3.767947767854036,34.99863022081027,35,11078.199999999999,3.8,-0.03
PK0066301018,MARI,Mari Energies Limited,740.08,3.605557446068798,14.323233828021655,14,10361.12,3.56,0.05
PK0080201012,OGDC,Oil & Gas Development Company Limited,269.56,3.5283056271115485,38.4820394112923,38,10243.28,3.52,0.01
PK0051601018,BAHL,Bank AL Habib Limited,207.87,3.2811603726948726,46.40694422342293,46,9562.02,3.28,0.0
PK0109001013,SYS,Systems Limited,163.87,3.171197311377681,56.8946121648281,57,9340.59,3.21,-0.04
PK0055601014,MCB,MCB Bank Limited,367.08,3.0890603052291645,24.740757593368595,25,9177.0,3.15,-0.06
PK0099701010,EFERT,Engro Fertilizers Limited,233.92,2.851778515675966,35.84229153594109,36,8421.119999999999,2.89,-0.04
PK0081801018,PPL,Pakistan Petroleum Limited,195.64,2.6563170209995715,39.91807422683879,40,7825.599999999999,2.69,-0.03
PK0022501016,PSO,Pakistan State Oil Company Limited,479.37,2.283016402454602,14.001852896961699,14,6711.18,2.3,-0.02
PK0078001010,NBP,National Bank of Pakistan,213.8,2.210732622617045,30.40015860848509,30,6414.0,2.2,0.01
PK0023901017,POL,Pakistan Oilfields Limited,709.72,1.8710435611357317,7.750758143689132,8,5677.76,1.95,-0.08
PK0078701015,BAFL,Bank Alfalah Limited,113.87,1.6396693408408738,42.33448548407981,42,4782.54,1.64,-0.0
PK0055401019,HMB,Habib Metropolitan Bank Limited,118.19,1.1306858732558709,28.126038305882567,28,3309.3199999999997,1.14,-0.01
PK0052401012,DGKC,D.G. Khan Cement Company Limited,243.44,1.081960550736549,13.06672699295701,13,3164.72,1.09,-0.01
PK0074501013,FCCL,Fauji Cement Company Limited,57.32,0.9983940915607494,51.20862926009426,51,2923.32,1.0,-0.0
PK0066201010,MLCF,Maple Leaf Cement Factory Limited,104.14,0.9960183819406132,28.11882123012678,28,2915.92,1.0,-0.0
PK0009801017,MTL,Millat Tractors Limited,531.97,0.9690240283930586,5.3554347866902114,5,2659.8500000000004,0.91,0.06
PK0045001010,BOP,The Bank of Punjab,33.63,0.942829803638738,82.42401494790039,82,2757.6600000000003,0.95,-0.01
PK0091601010,FATIMA,Fatima Fertilizer Company Limited,143.01,0.9139748352619652,18.78949734752939,19,2717.1899999999996,0.93,-0.02
PK0075801016,SAZEW,Sazgar Engineering Works Limited,1922.04,0.825002080624466,1.2619436208590509,1,1922.04,0.66,0.17
PK0070501017,FABL,Faysal Bank Limited,88.9,0.8212308089555678,27.158814154436097,27,2400.3,0.82,0.0
PK0051301015,AKBL,Askari Bank Limited,90.79,0.800893194296449,25.93486057089503,26,2360.54,0.81,-0.01
PK0077601018,BWCL,Bestway Cement Limited,644.21,0.7793188067282043,3.5566000089736587,4,2576.84,0.88,-0.1
PK0029801013,CHCC,Cherat Cement Company Limited,351.29,0.7616360016284369,6.374248753985608,6,2107.7400000000002,0.72,0.04
PK0008901016,SNGP,Sui Northern Gas Pipelines Limited,129.27,0.7485230692224737,17.02373190619689,17,2197.59,0.75,-0.0
PK0028001011,COLG,Colgate-Palmolive (Pakistan) Limited,1289.35,0.6350807814912452,1.4481230834019168,1,1289.35,0.44,0.2
PK0016401017,SRVI,Service Industries Limited,1323.1,0.6306695534107227,1.4013819719050147,1,1323.1,0.45,0.18
PK0024501014,ATRL,Attock Refinery Limited,710.72,0.6149491551272187,2.5438295194648,3,2132.16,0.73,-0.12
PK0054501017,INDU,Indus Motor Company Limited,2150.96,0.6091222551122308,0.8325675187032575,1,2150.96,0.74,-0.13
PK0061701014,SEARL,The Searle Company Limited,116.12,0.602525196547649,15.25511606829218,15,1741.8000000000002,0.6,0.0
PK0034601010,PAEL,Pak Elektron Limited,54.87,0.5655384379058344,30.30222357286592,30,1646.1,0.56,0.01
PK0001301016,GLAXO,GlaxoSmithKline Pakistan Limited,433.15,0.5597452423873095,3.7992635637046983,4,1732.6,0.59,-0.03
PK0025701019,ABOT,Abbott Laboratories (Pakistan) Limited,1259.99,0.5404522108574777,1.2610651671211555,1,1259.99,0.43,0.11
PK0004901010,AICL,Adamjee Insurance Company Limited,90.15,0.5121309707875358,16.701775420026124,17,1532.5500000000002,0.53,-0.02
PK0079201015,TRG,TRG Pakistan Limited,70.21,0.5049836388565947,21.145875206357907,21,1474.4099999999999,0.51,-0.01
PK0005501017,NML,Nishat Mills Limited,156.08,0.5010323039534553,9.437692040127875,9,1404.72,0.48,0.02
PK0070701013,HINOON,Highnoon Laboratories Limited,1149.81,0.4944050148744797,1.2641660306754772,1,1149.81,0.39,0.1
PK0008501014,PSEL,Pakistan Services Limited,927.22,0.4894814952414422,1.5520325230364314,2,1854.44,0.64,-0.15
PK0075001013,KOHC,Kohat Cement Company Limited,103.0,0.4802803657151597,13.708973545656015,14,1442.0,0.49,-0.01
PK0056201012,PIOC,Pioneer Cement Limited,230.49,0.4780048615984383,6.097159499758812,6,1382.94,0.47,0.01
PK0011301014,THALL,Thal Limited,580.67,0.4773116425796116,2.4166845698659447,2,1161.34,0.4,0.08
PK0083501012,ABL,Allied Bank Limited,197.44,0.4586970102982181,6.83027355286042,7,1382.08,0.47,-0.01
PK0003101018,LCI,Lucky Core Industries Limited,322.48,0.4532113726157697,4.131857589588076,4,1289.92,0.44,0.01
PK0037801013,NATF,National Foods Limited,365.11,0.4317099158608438,3.47628701660015,3,1095.33,0.38,0.05
PK0114501015,ILP,Interloop Limited,72.0,0.4095225091323122,16.72216912290275,17,1224.0,0.42,-0.01
PK0002701016,PAKT,Pakistan Tobacco Company Limited,1592.03,0.4071984852780204,0.7519729821155254,1,1592.03,0.55,-0.14
PK0000501012,KEL,K-Electric Limited,7.23,0.4050826828829414,164.72241876567742,165,1192.95,0.41,-0.0
PK0067901022,PTC,Pakistan Telecommunication Company Ltd,33.37,0.4016403728989753,35.385756557476405,35,1167.9499999999998,0.4,0.0
PK0122801019,AIRLINK,Air Link Communication Limited,160.95,0.3872242268948527,7.0732477606142705,7,1126.6499999999999,0.39,-0.0
PK0025101012,NESTLE,Nestle Pakistan Limited,8349.98,0.3841368641425798,0.1352533036700908,0,0.0,0.0,0.38
PK0010001011,PKGS,Packages Limited,699.95,0.3807882049778336,1.5994247055287245,2,1399.9,0.48,-0.1
PK0018101011,KTML,Kohinoor Textile Mills Limited,69.28,0.378530284714669,16.06349649337654,16,1108.48,0.38,-0.0
PK0104801011,PSX,Pakistan Stock Exchange Limited,38.22,0.3728980035190273,28.68446180915595,29,1108.3799999999999,0.38,-0.01
PK0102001010,ISL,International Steels Limited,116.51,0.3598966311953448,9.081590384639204,9,1048.5900000000001,0.36,-0.0
PK0099001023,DCR,Dolmen City REIT,31.8,0.3586745834694134,33.16048035849293,33,1049.4,0.36,-0.0
PK0009201010,ATLH,Atlas Honda Limited,1401.79,0.3529147502236722,0.7401746093620274,1,1401.79,0.48,-0.13
PK0072901017,SHFA,Shifa International Hospitals Limited,549.02,0.3520718950982904,1.8853436515773083,2,1098.04,0.38,-0.03
PK0133901014,TPLRF1,TPL REIT Fund I,14.2,0.343633145502616,71.14658082941486,71,1008.1999999999999,0.35,-0.01
PK0028801014,TGL,Tariq Glass Industries Limited,243.66,0.3404488676679239,4.107853857603613,4,974.64,0.33,0.01
PK0113801010,AGP,AGP Limited,192.86,0.3286841232149223,5.010532626007837,5,964.3000000000001,0.33,-0.0
PK0083101011,KAPCO,Kot Addu Power Company Limited,35.19,0.3259110296014255,27.228713470536828,27,950.1299999999999,0.33,-0.0
PK0064301010,GHGL,Ghani Glass Limited,43.77,0.3107262949054444,20.871265867534987,21,919.1700000000001,0.32,-0.01
PK0148401018,DHPL,DH Partners Limited,43.73,0.2989090269805666,20.09587329803032,20,874.5999999999999,0.3,-0.0
PK0112101016,HALEON,Haleon Pakistan Limited,900.62,0.2871120532225168,0.9372537101931995,1,900.62,0.31,-0.02
PK0082901015,APL,Attock Petroleum Limited,563.0,0.2842313010302326,1.4842629218985501,1,563.0,0.19,0.09
PK0126301016,PABC,Pakistan Aluminium Beverage Cans Limited,154.69,0.2833328589305128,5.3849544589547325,5,773.45,0.27,0.01
PK0059701018,GAL,Ghandhara Automobiles Limited,597.29,0.2763098812557646,1.3600613619714845,1,597.29,0.2,0.08
PK0028501010,INIL,International Industries Limited,226.9,0.2732054867813738,3.5399917634959848,4,907.6,0.31,-0.04
PK0087901010,SCBPL,Standard Chartered Bank (Pak) Ltd,69.14,0.2715472808078315,11.546847057781669,12,829.6800000000001,0.28,-0.01
PK0007101014,GHNI,Ghandhara Industries Limited,887.09,0.2684063250678827,0.8895541553839803,1,887.09,0.3,-0.03
PK0100601019,PKGP,Pakgen Power Limited,88.63,0.2676308669331564,8.877747363008913,9,797.67,0.27,-0.0
PK0002801014,SSGC,Sui Southern Gas Company Limited,41.74,0.2611033339422783,18.39108293699804,18,751.32,0.26,0.0
PK0006101015,JVDC,Javedan Corporation Limited,77.99,0.2410582852592884,9.087208086450929,9,701.91,0.24,0.0
PK0078401012,CNERGY,Cnergyico PK  Limited,8.58,0.2390724644857898,81.91993538324267,82,703.5600000000001,0.24,-0.0
PK0000601010,MUREB,Murree Brewery Company Limited,1033.17,0.2319520545341652,0.6600453365181389,1,1033.17,0.35,-0.12
PK0105101015,PIBTL,Pakistan International Bulk Terminal,15.37,0.222789721098,42.615600522324,43,660.91,0.23,-0.01
PK0126201018,CPHL,Citi Pharma Ltd.,94.54,0.2191065364825726,6.813763668910127,7,661.7800000000001,0.23,-0.01
PK0015801019,FFL,Fauji Foods Limited,20.71,0.211768597693514,30.062756022159878,30,621.3000000000001,0.21,0.0
PK0077901012,LOTCHEM,Lotte Chemical Pakistan Limited,27.01,0.2074470101819409,22.580311363750692,23,621.23,0.21,-0.0
PK0076901013,UPFL,Unilever Pakistan Foods Limited,30000.0,0.1897727058794768,0.01859772517618873,0,0.0,0.0,0.19
PK0032001015,RMPL,Rafhan Maize Products Company Limited,9724.82,0.1822397003636216,0.05509456412242566,0,0.0,0.0,0.18
PK0064901017,HCAR,Honda Atlas Cars (Pakistan) Limited,306.3,0.1774853363053429,1.7035810928426645,2,612.6,0.21,-0.03
PK0068801015,UNITY,Unity Foods Limited,24.02,0.174571783405823,21.367237436016637,21,504.42,0.17,0.0
PK0083801016,HUMNL,Hum Network Limited,15.03,0.1729017215102245,33.821095225552895,34,511.02,0.18,-0.01
PK0054701013,JDWS,JDW Sugar Mills Limited,831.99,0.146291494121396,0.5169497141995747,1,831.99,0.29,-0.14
PK0019801015,MEHT,Mehmood Textile Mills Limited,317.05,0.1447329964536976,1.3421069533949566,1,317.05,0.11,0.03
PK0024701010,HGFA,HBL Growth Fund,18.49,0.0994984462455881,15.820737261332017,16,295.84,0.1,-0.0
PK0070801011,IBFL,Ibrahim Fibres Limited,300.14,0.0945415146166827,0.9260746750617951,1,300.14,0.1,-0.01
PK0064101014,GADT,Gadoon Textile Mills Limited,376.55,0.0642418185607008,0.5015826492324004,1,376.55,0.13,-0.07
PK0029901011,FHAM,First Habib Modaraba,32.75,0.0625960315047203,5.6193078663779445,6,196.5,0.07,-0.01
PK0068201018,SSOM,S.S.Oil Mills Limited,383.5,0.0107327958297087,0.0822801036227994,0,0.0,0.0,0.01
PK0039401010,YOUW,Yousaf Weaving Mills Limited,6.35,0.0105128668022846,4.8673745509790125,5,31.75,0.01,0.0
PK0051701016,BNWM,Bannu Woollen Mills Limited,69.35,0.0066877954123434,0.2835200939046806,0,0.0,0.0,0.01
PK0075401015,PGLC,Pak-Gulf Leasing Company Limited,17.06,0.0034246638958041,0.5901824064281392,1,17.06,0.01,-0.01
