ISIN,SYMBOL,COMPANY,PRICE,IDX WT %,FF BASED SHARES,FF BASED MCAP,ORD SHARES,ORD SHARES MCAP,VOLUME
PK0083501012,ABL,Allied Bank Limited,197.44,0.4586970102982181,114507383,22608337699.52,114507383,22608337699.52,746363
PK0025701019,ABOT,Abbott Laboratories (Pakistan) Limited,1259.99,0.5404522108574777,21141360,26637902186.4,21141360,26637902186.4,12986
PK0113801010,AGP,AGP Limited,192.86,0.3286841232149223,84000000,16200240000.0,84000000,16200240000.0,50607
PK0004901010,AICL,Adamjee Insurance Company Limited,90.15,0.5121309707875358,280000000,25242000000.0,280000000,25242000000.0,693077
PK0122801019,AIRLINK,Air Link Communication Limited,160.95,0.3872242268948527,118580769,19085574770.55,118580769,19085574770.55,1958810
PK0051301015,AKBL,Askari Bank Limited,90.79,0.800893194296449,434789762,39474562491.98,434789762,39474562491.98,4554095
PK0082901015,APL,Attock Petroleum Limited,563.0,0.2842313010302326,24883200,14009241600.0,24883200,14009241600.0,6291717
PK0009201010,ATLH,Atlas Honda Limited,1401.79,0.35291475022367225,12408794,17394523341.26,12408794,17394523341.26,7960
PK0024501014,ATRL,Attock Refinery Limited,710.72,0.6149491551272187,42646500,30309720480.0,42646500,30309720480.0,1144653
PK0078701015,BAFL,Bank Alfalah Limited,113.87,1.6396693408408738,709724304,80816306496.48,709724304,80816306496.48,8771817
PK0051601018,BAHL,Bank AL Habib Limited,207.87,3.2811603726948726,777997791,161722400815.17,777997791,161722400815.17,408915
PK0051701016,BNWM,Bannu Woollen Mills Limited,69.35,0.006687795412343494,4753125,329629218.75,4753125,329629218.75,3526
PK0045001010,BOP,The Bank of Punjab,33.63,0.9428298036387379,1381812628,46470358679.64,1381812628,46470358679.64,88049557
PK0077601018,BWCL,Bestway Cement Limited,644.21,0.7793188067282043,59625278,38411200340.38,59625278,38411200340.38,12947
PK0029801013,CHCC,Cherat Cement Company Limited,351.29,0.7616360016284369,106862271,37539647179.59,106862271,37539647179.59,207846
PK0078401012,CNERGY,Cnergyico PK  Limited,8.58,0.23907246448578987,1373361893,11783445041.94,1373361893,11783445041.94,39258012
PK0028001011,COLG,Colgate-Palmolive (Pakistan) Limited,1289.35,0.6350807814912452,24277327,31301971567.45,24277327,31301971567.45,25384
PK0126201018,CPHL,Citi Pharma Ltd.,94.54,0.21910653648257267,114230600,10799360924.0,114230600,10799360924.0,1557860
PK0099001023,DCR,Dolmen City REIT,31.8,0.35867458346941344,555925000,17678415000.0,555925000,17678415000.0,397218
PK0052401012,DGKC,D.G. Khan Cement Company Limited,243.44,1.081960550736549,219059559,53327859042.96,219059559,53327859042.96,1736907
PK0148401018,DHPL,DH Partners Limited,43.73,0.2989090269805666,336900981,14732679899.13,336900981,14732679899.13,139016
PK0099701010,EFERT,Engro Fertilizers Limited,233.92,2.851778515675966,600884719,140558953468.48,600884719,140558953468.48,2266960
PK0017501013,ENGROH,Engro Holdings Limited,244.81,4.7850511004859815,963385595,235846427511.95,963385595,235846427511.95,1636954
PK0070501017,FABL,Faysal Bank Limited,88.9,0.8212308089555678,455308958,40476966366.2,455308958,40476966366.2,2087838
PK0091601010,FATIMA,Fatima Fertilizer Company Limited,143.01,0.9139748352619653,315000000,45048150000.0,315000000,45048150000.0,839648
PK0074501013,FCCL,Fauji Cement Company Limited,57.32,0.9983940915607494,858496527,49209020927.64,858496527,49209020927.64,7791840
PK0053401011,FFC,Fauji Fertilizer Company Limited,475.38,8.235453270159665,853865218,405910447332.84,853865218,405910447332.84,2927164
PK0015801019,FFL,Fauji Foods Limited,20.71,0.21176859769351408,503992628,10437687325.88,503992628,10437687325.88,8091988
PK0029901011,FHAM,First Habib Modaraba,32.75,0.0625960315047203,94205925,3085244043.75,94205925,3085244043.75,34410
PK0064101014,GADT,Gadoon Textile Mills Limited,376.55,0.06424181856070084,8408875,3166361881.25,8408875,3166361881.25,34315
PK0059701018,GAL,Ghandhara Automobiles Limited,597.29,0.2763098812557646,22801000,13618809290.0,22801000,13618809290.0,921338
PK0064301010,GHGL,Ghani Glass Limited,43.77,0.3107262949054444,349900193,15315131447.61,349900193,15315131447.61,896428
PK0007101014,GHNI,Ghandhara Industries Limited,887.09,0.2684063250678827,14913095,13229257443.55,14913095,13229257443.55,1203672
PK0001301016,GLAXO,GlaxoSmithKline Pakistan Limited,433.15,0.5597452423873095,63693456,27588820466.4,63693456,27588820466.4,181988
PK0112101016,HALEON,Haleon Pakistan Limited,900.62,0.28711205322251687,15712763,14151228613.06,15712763,14151228613.06,33872
PK0085101019,HBL,Habib Bank Limited,316.52,3.767947767854036,586741003,185715262269.56,586741003,185715262269.56,2018472
PK0064901017,HCAR,Honda Atlas Cars (Pakistan) Limited,306.3,0.17748533630534294,28560000,8747928000.0,28560000,8747928000.0,4607966
PK0024701010,HGFA,HBL Growth Fund,18.49,0.09949844624558814,265229673,4904096653.77,265229673,4904096653.77,230723
PK0070701013,HINOON,Highnoon Laboratories Limited,1149.81,0.4944050148744797,21193345,24368320014.45,21193345,24368320014.45,46284
PK0055401019,HMB,Habib Metropolitan Bank Limited,118.19,1.1306858732558709,471524166,55729441179.54,471524166,55729441179.54,771511
PK0065001015,HUBC,The Hub Power Company Limited,213.68,3.936505492736102,908008071,194023164611.28,908008071,194023164611.28,31575533
PK0083801016,HUMNL,Hum Network Limited,15.03,0.17290172151022454,567000000,8522010000.0,567000000,8522010000.0,2898861
PK0070801011,IBFL,Ibrahim Fibres Limited,300.14,0.09454151461668271,15525350,4659778549.0,15525350,4659778549.0,398
PK0114501015,ILP,Interloop Limited,72.0,0.4095225091323122,280341894,20184616368.0,280341894,20184616368.0,359102
PK0054501017,INDU,Indus Motor Company Limited,2150.96,0.6091222551122308,13957732,30022523222.72,13957732,30022523222.72,177571
PK0028501010,INIL,International Industries Limited,226.9,0.2732054867813738,59346846,13465799357.4,59346846,13465799357.4,73824
PK0102001010,ISL,International Steels Limited,116.51,0.3598966311953448,152250000,17738647500.0,152250000,17738647500.0,290637
PK0054701013,JDWS,JDW Sugar Mills Limited,831.99,0.14629149412139605,8666499,7210440503.01,8666499,7210440503.01,1208
PK0006101015,JVDC,Javedan Corporation Limited,77.99,0.24105828525928844,152344179,11881322520.21,152344179,11881322520.21,391884
PK0083101011,KAPCO,Kot Addu Power Company Limited,35.19,0.3259110296014255,456480798,16063559281.62,456480798,16063559281.62,575530
PK0000501012,KEL,K-Electric Limited,7.23,0.4050826828829414,2761519425,19965785442.75,2761519425,19965785442.75,87482618
PK0075001013,KOHC,Kohat Cement Company Limited,103.0,0.48028036571515975,229826620,23672141860.0,229826620,23672141860.0,949207
PK0018101011,KTML,Kohinoor Textile Mills Limited,69.28,0.378530284714669,269299455,18657066242.4,269299455,18657066242.4,638703
PK0003101018,LCI,Lucky Core Industries Limited,322.48,0.4532113726157697,69269290,22337960639.2,69269290,22337960639.2,100368
PK0077901012,LOTCHEM,Lotte Chemical Pakistan Limited,27.01,0.20744701018194098,378551802,10224684172.02,378551802,10224684172.02,1271140
PK0071501016,LUCK,Lucky Cement Limited,443.95,3.9586783654011213,439500000,195116025000.0,439500000,195116025000.0,2592217
PK0066301018,MARI,Mari Energies Limited,740.08,3.605557446068798,240124500,177711339960.0,240124500,177711339960.0,1818741
PK0055601014,MCB,MCB Bank Limited,367.08,3.0890603052291645,414771002,152254139414.16,414771002,152254139414.16,732604
PK0077401013,MEBL,Meezan Bank Limited,442.39,4.027210248753065,448685179,198493836337.81,448685179,198493836337.81,1085737
PK0019801015,MEHT,Mehmood Textile Mills Limited,317.05,0.1447329964536976,22500000,7133625000.0,22500000,7133625000.0,1781
PK0066201010,MLCF,Maple Leaf Cement Factory Limited,104.14,0.9960183819406132,471403174,49091926540.36,471403174,49091926540.36,2215884
PK0009801017,MTL,Millat Tractors Limited,531.97,0.9690240283930586,89782176,47761424166.72,89782176,47761424166.72,90378
PK0000601010,MUREB,Murree Brewery Company Limited,1033.17,0.2319520545341652,11065452,11432493042.84,11065452,11432493042.84,6030
PK0037801013,NATF,National Foods Limited,365.11,0.43170991586084384,58278856,21278193114.16,58278856,21278193114.16,200605
PK0078001010,NBP,National Bank of Pakistan,213.8,2.210732622617045,509649076,108962972448.8,509649076,108962972448.8,5507868
PK0025101012,NESTLE,Nestle Pakistan Limited,8349.98,0.3841368641425798,2267479,18933404300.42,2267479,18933404300.42,207
PK0005501017,NML,Nishat Mills Limited,156.08,0.5010323039534553,158219932,24694966986.56,158219932,24694966986.56,598490
PK0080201012,OGDC,Oil & Gas Development Company Limited,269.56,3.5283056271115485,645139260,173903738925.6,645139260,173903738925.6,2531613
PK0126301016,PABC,Pakistan Aluminium Beverage Cans Limited,154.69,0.28333285893051285,90277064,13964959030.16,90277064,13964959030.16,211851
PK0034601010,PAEL,Pak Elektron Limited,54.87,0.5655384379058344,508007226,27874356490.62,508007226,27874356490.62,11431726
PK0002701016,PAKT,Pakistan Tobacco Company Limited,1592.03,0.40719848527802044,12606590,20070069477.7,12606590,20070069477.7,4860
PK0075401015,PGLC,Pak-Gulf Leasing Company Limited,17.06,0.0034246638958041575,9894222,168795427.32,9894222,168795427.32,40251
PK0105101015,PIBTL,Pakistan International Bulk Terminal,15.37,0.22278972109800008,714437109,10980898365.33,714437109,10980898365.33,25985199
PK0056201012,PIOC,Pioneer Cement Limited,230.49,0.4780048615984383,102216957,23559986418.93,102216957,23559986418.93,567024
PK0100601019,PKGP,Pakgen Power Limited,88.63,0.2676308669331564,148832636,13191036528.68,148832636,13191036528.68,6499
PK0010001011,PKGS,Packages Limited,699.95,0.38078820497783367,26813851,18768355007.45,26813851,18768355007.45,12760
PK0023901017,POL,Pakistan Oilfields Limited,709.72,1.8710435611357314,129939017,92220319145.24,129939017,92220319145.24,348613
PK0081801018,PPL,Pakistan Petroleum Limited,195.64,2.6563170209995715,669213931,130925013460.84,669213931,130925013460.84,6934556
PK0008501014,PSEL,Pakistan Services Limited,927.22,0.48948149524144224,26019336,24125648725.92,26019336,24125648725.92,2535
PK0022501016,PSO,Pakistan State Oil Company Limited,479.37,2.283016402454602,234736650,112525707910.5,234736650,112525707910.5,10064153
PK0104801011,PSX,Pakistan Stock Exchange Limited,38.22,0.37289800351902735,480885960,18379461391.2,480885960,18379461391.2,1822208
PK0067901022,PTC,Pakistan Telecommunication Company Ltd,33.37,0.4016403728989753,593231054,19796120271.98,593231054,19796120271.98,114322798
PK0032001015,RMPL,Rafhan Maize Products Company Limited,9724.82,0.18223970036362167,923643,8982261919.26,923643,8982261919.26,123
PK0075801016,SAZEW,Sazgar Engineering Works Limited,1922.04,0.825002080624466,21156087,40662845457.48,21156087,40662845457.48,145381
PK0087901010,SCBPL,Standard Chartered Bank (Pak) Ltd,69.14,0.2715472808078315,193579251,13384069414.14,193579251,13384069414.14,71227
PK0061701014,SEARL,The Searle Company Limited,116.12,0.602525196547649,255747212,29697366257.44,255747212,29697366257.44,6795326
PK0072901017,SHFA,Shifa International Hospitals Limited,549.02,0.35207189509829045,31607192,17352980551.84,31607192,17352980551.84,24198
PK0008901016,SNGP,Sui Northern Gas Pipelines Limited,129.27,0.7485230692224737,285397499,36893334695.73,285397499,36893334695.73,3555584
PK0016401017,SRVI,Service Industries Limited,1323.1,0.6306695534107227,23493727,31084550193.7,23493727,31084550193.7,4590
PK0002801014,SSGC,Sui Southern Gas Company Limited,41.74,0.26110333394227836,308320708,12869306351.92,308320708,12869306351.92,3221858
PK0068201018,SSOM,S.S.Oil Mills Limited,383.5,0.010732795829708793,1379400,528999900.0,1379400,528999900.0,54957
PK0109001013,SYS,Systems Limited,163.87,3.171197311377681,953820238,156302522401.06,953820238,156302522401.06,14700563
PK0028801014,TGL,Tariq Glass Industries Limited,243.66,0.3404488676679239,68866875,16780102762.5,68866875,16780102762.5,61450
PK0011301014,THALL,Thal Limited,580.67,0.4773116425796116,40514955,23525818919.85,40514955,23525818919.85,24817
PK0133901014,TPLRF1,TPL REIT Fund I,14.2,0.343633145502616,1192750000,16937050000.0,1192750000,16937050000.0,21939
PK0079201015,TRG,TRG Pakistan Limited,70.21,0.5049836388565947,354503932,24889721065.72,354503932,24889721065.72,6399344
PK0081901016,UBL,United Bank Limited,382.8,6.807294566024727,876486713,335519113736.4,876486713,335519113736.4,1853359
PK0068801015,UNITY,Unity Foods Limited,24.02,0.174571783405823,358215000,8604324300.0,358215000,8604324300.0,6930308
PK0076901013,UPFL,Unilever Pakistan Foods Limited,30000.0,0.18977270587947687,311785,9353550000.0,311785,9353550000.0,96
PK0039401010,YOUW,Yousaf Weaving Mills Limited,6.35,0.010512866802284667,81600000,518160000.0,81600000,518160000.0,2389625
